Name,Density,MinCol,MaxCol,StdCol,MinRow,MaxRow,StdRow,reducts,BR_time,BR_cand,GAP_time,GAP_cand,CT_time,CT_cand,faster
BM2000x30_4-6_s807311794.txt,0.1648,282,366,0.0075,4,6,0.0271,127218,106857,293547296,4733,20828553,105549,1005133244,gapCText
BM2000x30_4-6_s723866051.txt,0.165,303,359,0.0071,4,6,0.0266,130621,110006,300704496,4357,19052339,92932,1005021863,gapCText
BM2000x30_4-6_s377769299.txt,0.1651,301,367,0.008,4,6,0.0267,130147,102785,278751820,4632,19919446,127129,1004426583,gapCText
BM2000x30_4-8_s358336879.txt,0.1882,338,401,0.0071,4,8,0.0423,183004,135784,387765975,7083,33893037,93276,1002214100,gapCText
BM2000x30_4-8_s567526991.txt,0.1894,351,417,0.0089,4,8,0.0424,192890,138895,398530615,7810,35323932,102386,1002295420,gapCText
BM2000x30_4-8_s422476398.txt,0.1908,354,406,0.0069,4,8,0.0421,201010,137955,395417478,7820,36114508,96058,1001060074,gapCText
BM2000x30_4-8_s227151729.txt,0.1909,347,421,0.0093,4,8,0.0426,199910,138446,392429038,7527,35142250,97179,1000445490,gapCText
BM2000x30_4-8_s280475004.txt,0.191,349,411,0.0081,4,8,0.043,188067,142038,395673595,7906,35452262,97521,1001772462,gapCText
BM2000x30_4-8_s580821414.txt,0.1917,352,426,0.0085,4,8,0.0431,199856,139463,397515258,8397,39987223,96587,1001532354,gapCText
BM2000x30_5-7_s640587517.txt,0.1988,365,425,0.008,5,7,0.027,738120,209337,550622169,27718,101551035,129226,1019455384,gapCText
BM2000x30_5-7_s685373673.txt,0.1993,360,447,0.0106,5,7,0.0269,742884,199910,539862744,27428,103731669,142417,1016588949,gapCText
BM2000x30_5-7_s997301800.txt,0.1994,369,420,0.0064,5,7,0.0267,760985,209447,561035633,26663,100159692,115353,1018551420,gapCText
BM2000x30_5-7_s1005612798.txt,0.1996,367,429,0.0076,5,7,0.0269,753697,216290,571300565,27526,103802931,116218,1016136470,gapCText
BM2000x30_5-7_s1053070487.txt,0.2001,363,442,0.0089,5,7,0.0271,760692,208815,558315299,27280,98869320,118115,1018035617,gapCText
BM2000x30_5-7_s907692639.txt,0.2007,373,431,0.0068,5,7,0.0273,764974,216308,576764443,28342,101675335,142542,1015392139,gapCText
BM2000x30_4-10_s428487413.txt,0.203,362,445,0.0085,4,10,0.0523,212341,159424,446744143,9207,39139251,94810,999176299,gapCText
BM2000x30_4-10_s768755240.txt,0.2069,368,444,0.0088,4,10,0.0532,234369,161298,466556115,11212,50611854,97969,999376143,gapCText
BM2000x30_4-10_s44431574.txt,0.2077,390,445,0.0074,4,10,0.053,240797,167839,478520173,11823,54597948,95904,999195999,gapCText
BM2000x30_4-10_s665427740.txt,0.2086,385,455,0.008,4,10,0.0532,250883,170478,496052298,11158,49840205,99558,999218727,gapCText
BM2000x30_4-10_s241217788.txt,0.2093,395,452,0.0068,4,10,0.0523,255050,177576,504244276,12810,64302205,96360,996028139,gapCText
BM2000x30_4-10_s128869163.txt,0.2095,384,452,0.0082,4,10,0.0522,263904,160515,468249853,11856,52026207,98827,996206442,gapCText
BM2000x30_4-12_s1070288333.txt,0.213,384,451,0.0081,4,12,0.0564,254108,178303,508966344,13071,53262199,96398,1000699340,gapCText
BM2000x30_4-12_s335072683.txt,0.2146,389,458,0.0086,4,11,0.0573,245632,163764,484285679,11429,53619060,94956,992188324,gapCText
BM2000x30_4-20_s574649686.txt,0.216,405,461,0.0082,4,12,0.0576,262168,168134,483480195,11869,53975465,92074,995472528,gapCText
BM2000x30_4-22_s404017021.txt,0.2162,396,460,0.0083,4,13,0.0583,255597,175192,507618115,11996,50557641,96614,998322350,gapCText
BM2000x30_4-28_s742019983.txt,0.2166,401,478,0.0092,4,12,0.0578,271735,175515,496923710,13143,63475881,106463,996739976,gapCText
BM2000x30_4-22_s31718080.txt,0.2169,402,462,0.0086,4,12,0.0579,267545,163060,482434750,13417,61362811,91112,996052661,gapCText
BM2000x30_4-26_s289874363.txt,0.2174,385,478,0.0095,4,13,0.0593,263632,168790,484487920,12452,61484436,107467,994609430,gapCText
BM2000x30_4-20_s49514310.txt,0.2187,414,481,0.0082,4,12,0.0587,259390,170205,496846412,11895,62620643,101806,991013154,gapCText
BM2000x30_4-28_s407388257.txt,0.219,409,478,0.0093,4,12,0.0597,257873,179466,519602464,13023,60676160,94547,996458270,gapCText
BM2000x30_4-16_s713309459.txt,0.2192,407,472,0.0072,4,12,0.0587,268734,156474,486975892,12723,56566751,96744,995307905,gapCText
BM2000x30_4-18_s154914052.txt,0.2192,398,474,0.0079,4,13,0.0599,250205,161986,479871062,11958,59413811,96350,994593378,gapCText
BM2000x30_4-14_s50538613.txt,0.2194,415,461,0.0064,4,12,0.0577,284403,162021,496928122,12980,59470139,97775,991438852,gapCText
BM2000x30_4-20_s1018339703.txt,0.2195,395,468,0.0082,4,12,0.0594,266989,175036,505378544,13651,61161305,94331,995177649,gapCText
BM2000x30_4-24_s121652065.txt,0.2207,405,469,0.008,4,12,0.0595,281706,174736,511938036,14084,72970211,97398,993206990,gapCText
BM2000x30_4-14_s642406142.txt,0.221,410,488,0.0082,4,12,0.0592,260640,168501,495477727,12577,56091928,95315,992582715,gapCText
BM2000x30_4-16_s600871999.txt,0.2211,399,479,0.0096,4,12,0.0589,280126,173629,513344507,14542,58782179,98441,996094842,gapCText
BM2000x30_4-12_s1056363555.txt,0.2213,414,472,0.0073,4,12,0.0588,284695,169445,509054943,14383,66429964,99356,991998010,gapCText
BM2000x30_4-16_s650764368.txt,0.2229,417,474,0.0091,4,12,0.0601,282892,166843,493098169,13604,67772864,97076,990979470,gapCText
BM2000x30_4-26_s174483176.txt,0.2236,419,487,0.0085,4,13,0.0608,286832,176663,513779193,15259,69939218,102293,992612920,gapCText
BM2000x30_4-14_s455534196.txt,0.2238,407,487,0.0109,4,13,0.0595,295035,176536,518918128,15014,72378347,106145,990520851,gapCText
BM2000x30_4-18_s392514322.txt,0.2242,418,475,0.0077,4,13,0.0615,280426,182888,536249619,13978,63168596,103805,993715484,gapCText
BM2000x30_4-22_s1029214025.txt,0.2247,422,498,0.0077,4,13,0.0612,275952,186356,544514921,14483,64012060,103488,993750979,gapCText
BM2000x30_4-26_s713238239.txt,0.225,420,485,0.0078,4,13,0.0606,278372,172951,503894078,15027,78365341,97081,991444829,gapCText
BM2000x30_4-24_s215468669.txt,0.2257,422,488,0.0094,4,12,0.0604,293005,182100,537538359,14950,68552757,106564,988933948,gapCText
BM2000x30_4-28_s437464360.txt,0.2259,414,498,0.0087,4,13,0.0613,293709,170078,518222491,15298,77333324,97137,990372162,gapCText
BM2000x30_4-18_s368372661.txt,0.2278,426,479,0.0071,4,14,0.0623,285203,175360,520826421,16267,71098824,99957,993174612,gapCText
BM2000x30_4-24_s296227767.txt,0.2295,423,484,0.007,4,13,0.0631,301851,182692,528172002,16275,76268485,97282,989102130,gapCText
BM2000x30_5-9_s208025495.txt,0.2301,423,490,0.0086,5,9,0.045,943942,220323,617248896,43132,159105518,149052,995191607,gapCText
BM2000x30_5-9_s352184125.txt,0.2302,412,491,0.0092,5,9,0.0449,933398,211634,596104655,42194,167616974,137038,995224565,gapCText
BM2000x30_5-9_s311952447.txt,0.2305,429,495,0.0089,5,9,0.0452,924644,212241,595446611,41097,158208708,133025,992318387,gapCText
BM2000x30_5-9_s125704287.txt,0.2308,423,484,0.0078,5,9,0.0461,910638,207138,589905801,39556,143534272,139127,991749485,gapCText
BM2000x30_5-9_s487256166.txt,0.2311,432,501,0.0081,5,9,0.0454,948944,215019,614327413,38533,152658521,132663,990144576,gapCText
BM2000x30_5-9_s917821135.txt,0.2311,427,493,0.0069,5,9,0.0458,931213,216815,613486951,41947,153145159,144325,991618262,gapCText
BM2000x30_6-8_s240898556.txt,0.2326,402,518,0.0117,6,8,0.0269,2015398,237441,616844235,67918,238849968,147491,950585072,gapCText
BM2000x30_6-8_s130050080.txt,0.2328,419,508,0.0108,6,8,0.0272,2017430,226953,610094651,67966,228538727,154070,956298927,gapCText
BM2000x30_6-8_s925787353.txt,0.2331,440,508,0.0092,6,8,0.0272,2023257,237989,626731653,73940,242240484,151603,961779541,gapCText
BM2000x30_6-8_s334528847.txt,0.2332,432,498,0.0084,6,8,0.0269,2067041,234178,615840494,71875,236487703,165620,957997118,gapCText
BM2000x30_6-8_s1035199839.txt,0.2337,405,505,0.011,6,8,0.027,2033405,231425,622809289,78148,247280931,159019,964751825,gapCText
BM2000x30_6-8_s64314540.txt,0.2341,446,516,0.008,6,8,0.0269,2033811,222566,608704761,72191,237260779,164756,955363692,gapCText
BM2000x30_5-11_s804016308.txt,0.254,485,535,0.0069,5,11,0.0605,1019106,208185,605453811,49203,180626150,134948,970180318,gapCText
BM2000x30_5-11_s984472152.txt,0.256,470,568,0.0121,5,11,0.0602,996056,216340,625347217,47862,186903482,129208,962068877,gapCText
BM2000x30_5-11_s317172719.txt,0.2569,474,550,0.0094,5,11,0.0602,1054092,215176,614228601,50342,187502196,134924,963395873,gapCText
BM2000x30_6-10_s83906961.txt,0.2638,498,559,0.007,6,10,0.046,2103167,205066,581309784,85287,285272993,166784,905607171,gapCText
BM2000x30_6-10_s752081369.txt,0.2649,491,563,0.0088,6,10,0.0471,2090477,203977,571284008,85491,273890358,156296,898364244,gapCText
BM2000x30_7-9_s336962710.txt,0.2654,493,552,0.0074,7,9,0.0274,3414972,192420,526246746,110189,336983335,164534,825402060,gapCText
BM2000x30_7-9_s478308293.txt,0.266,487,561,0.0098,7,9,0.0272,3427334,192968,524957817,112825,329936208,170028,815221241,gapCText
BM2000x30_6-10_s30377106.txt,0.2663,504,565,0.0094,6,10,0.0466,2091294,195470,564727831,85432,293132117,150708,890071330,gapCText
BM2000x30_7-9_s988104369.txt,0.2671,494,566,0.0093,7,9,0.0271,3478412,190946,518922683,105991,333872789,167902,802191943,gapCText
BM2000x30_5-13_s217796444.txt,0.2704,500,578,0.0099,5,13,0.0686,1095122,199996,598461342,58912,212957777,149571,946450497,gapCText
BM2000x30_5-13_s161362713.txt,0.2719,517,578,0.0074,5,13,0.0699,1065376,203563,605060121,54014,221778512,123631,948530690,gapCText
BM2000x30_5-13_s1020525322.txt,0.2723,518,595,0.0087,5,13,0.069,1141350,205808,602787922,55595,220816410,125872,939784928,gapCText
BM2000x30_5-25_s363146841.txt,0.2757,515,584,0.0079,5,16,0.0722,1074074,201181,594550154,60796,229807533,149900,949327180,gapCText
BM2000x30_5-21_s1033984355.txt,0.2766,523,600,0.0079,5,15,0.0726,1080458,192906,585781350,47961,196616407,118629,916848009,gapCText
BM2000x30_5-25_s154580351.txt,0.2786,515,584,0.0082,5,16,0.0715,1081968,193933,581996864,58597,222194664,145804,930577946,gapCText
BM2000x30_5-17_s147000802.txt,0.2788,515,589,0.0092,5,14,0.0718,1081217,203371,598233760,57271,225726820,123390,936935205,gapCText
BM2000x30_5-19_s1051429923.txt,0.279,525,583,0.0067,5,15,0.0724,1073373,194786,587905593,56258,222901410,125834,934136360,gapCText
BM2000x30_5-15_s295902404.txt,0.2797,520,593,0.0084,5,15,0.0732,1099973,195299,591612372,58421,214073618,153717,935038368,gapCText
BM2000x30_5-23_s129606104.txt,0.2815,540,613,0.008,5,16,0.0732,1112546,192963,579426974,59573,242142760,131917,931580599,gapCText
BM2000x30_5-17_s1005654701.txt,0.2824,522,617,0.0099,5,15,0.0729,1111339,197148,585431481,57435,230682453,132549,927631321,gapCText
BM2000x30_5-19_s317462917.txt,0.2829,519,594,0.0078,5,15,0.0733,1101270,178146,572493599,56395,219002457,135093,925309710,gapCText
BM2000x30_5-17_s814329108.txt,0.2838,523,625,0.0102,5,15,0.0734,1083458,190612,569747965,54828,232041860,120101,915586661,gapCText
BM2000x30_5-15_s451245431.txt,0.2843,543,593,0.007,5,15,0.0747,1057369,187709,571292731,61388,221155924,148620,918791501,gapCText
BM2000x30_5-27_s670438356.txt,0.2847,542,604,0.0091,5,15,0.0737,1090185,188347,575669083,56117,226471147,123204,916543173,gapCText
BM2000x30_5-29_s895944590.txt,0.2847,534,605,0.0084,5,15,0.0725,1138128,184561,561244244,62265,238872919,155447,918759545,gapCText
BM2000x30_5-15_s312389264.txt,0.2849,519,608,0.0097,5,15,0.0742,1117244,193844,575239773,66598,246200104,134178,935287378,gapCText
BM2000x30_5-19_s672315335.txt,0.2852,538,594,0.0076,5,14,0.0736,1114353,193505,583258665,65168,242439016,131748,936179383,gapCText
BM2000x30_5-25_s41521230.txt,0.2856,533,610,0.0101,5,16,0.0746,1099015,193576,579045224,61929,225876532,149750,926958313,gapCText
BM2000x30_5-27_s517235526.txt,0.2858,539,603,0.0071,5,15,0.0755,1154009,185463,568037749,63358,235620000,138989,918310137,gapCText
BM2000x30_5-29_s490385193.txt,0.2866,525,603,0.01,5,15,0.0756,1104437,193642,576494025,57761,225873890,133600,915740749,gapCText
BM2000x30_5-21_s447467088.txt,0.2867,534,607,0.0087,5,16,0.0752,1174460,188300,569065036,61278,246363918,125723,915869478,gapCText
BM2000x30_5-27_s186926453.txt,0.2877,536,606,0.0078,5,15,0.0764,1153801,187942,573959156,62008,238422957,129421,916365535,gapCText
BM2000x30_5-21_s687069989.txt,0.2901,540,620,0.0109,5,15,0.0761,1105906,186803,567939018,61604,232926993,126037,920340016,gapCText
BM2000x30_5-29_s281523017.txt,0.2902,544,630,0.01,5,15,0.0749,1186378,185474,556176406,72271,247914701,144251,923764526,gapCText
BM2000x30_5-23_s438964167.txt,0.2906,543,621,0.0105,5,16,0.0772,1141843,185978,562483791,55434,230610450,119411,903137017,gapCText
BM2000x30_6-12_s798085502.txt,0.2915,540,620,0.0088,6,12,0.0633,2020786,178302,515637018,87178,288611307,155990,841906609,gapCText
BM2000x30_5-23_s221976676.txt,0.2933,536,619,0.0092,5,16,0.077,1169052,182668,551984549,61450,236435061,142100,891287099,gapCText
BM2000x30_6-12_s441498073.txt,0.2943,554,621,0.0099,6,12,0.0622,2134596,171156,505280673,90573,316136951,142900,834220372,gapCText
BM2000x30_6-12_s374901317.txt,0.2952,547,628,0.0079,6,12,0.0636,2013538,174016,519096861,91340,297664084,153777,839524522,gapCText
BM2000x30_7-11_s461923536.txt,0.2986,556,634,0.01,7,11,0.0473,3106944,148323,432831836,105092,319286262,154107,710247846,gapCText
BM2000x30_8-10_s940299291.txt,0.2988,554,636,0.0099,8,10,0.0279,4312226,135444,384600550,129566,350349237,168016,645699834,gapCText
BM2000x30_7-11_s923833116.txt,0.2997,558,647,0.0098,7,11,0.0476,3153064,154362,438100872,109510,344818704,152580,721430682,gapCText
BM2000x30_8-10_s150982086.txt,0.3001,543,633,0.0093,8,10,0.027,4383917,134509,375923993,130486,351169294,168882,638934174,gapCText
BM2000x30_7-11_s161752977.txt,0.3003,555,646,0.0103,7,11,0.0471,3188437,150546,436575083,113582,330847051,161547,717031947,gapCText
BM2000x30_8-10_s144835897.txt,0.301,560,641,0.01,8,10,0.0269,4405177,130789,371061563,131805,343635712,168125,632428973,fastBR
BM2000x30_6-14_s134879342.txt,0.3135,586,645,0.0067,6,14,0.076,1972231,163517,484852379,97527,326439867,149219,805260064,gapCText
BM2000x30_6-14_s731966120.txt,0.3175,584,683,0.01,6,14,0.0765,2048596,156265,468886927,95823,314704459,148052,798949471,gapCText
BM2000x30_6-14_s80683315.txt,0.3204,599,683,0.0104,6,14,0.0761,2018970,152600,454825455,103551,322439062,157692,792316196,gapCText
BM2000x30_7-13_s786894928.txt,0.3274,612,697,0.0093,7,13,0.0648,2981216,125091,372144745,114992,349188724,153413,660553672,gapCText
BM2000x30_6-16_s926230816.txt,0.3276,615,695,0.011,6,16,0.0808,2004857,141901,430426854,91700,326073618,147743,756421122,gapCText
BM2000x30_6-16_s197641204.txt,0.3276,627,692,0.0077,6,16,0.0816,2030868,145379,441647624,98902,334722373,144485,773849214,gapCText
BM2000x30_6-26_s201822538.txt,0.3286,610,691,0.0101,6,17,0.0818,1962099,144849,443102142,93167,314169374,138950,765719931,gapCText
BM2000x30_7-13_s557865595.txt,0.3288,614,685,0.0103,7,13,0.0645,2915190,125670,375093131,122040,351103570,157589,670919269,gapCText
BM2000x30_7-13_s219440688.txt,0.3289,633,691,0.0075,7,13,0.0644,2941398,121600,365128514,108598,326389226,151798,650356594,gapCText
BM2000x30_6-26_s1023134963.txt,0.3305,631,696,0.0078,6,16,0.082,2007504,139569,428204547,110253,339341120,152929,784557646,gapCText
BM2000x30_6-16_s136913828.txt,0.3306,603,692,0.0095,6,16,0.081,1960383,141100,434806499,99074,335395097,142567,761033036,gapCText
BM2000x30_6-20_s723165047.txt,0.3313,626,696,0.0099,6,17,0.0826,1993724,138222,425776576,105085,337031871,161216,765925680,gapCText
BM2000x30_6-22_s735552172.txt,0.3318,630,712,0.0112,6,17,0.0828,2015138,136628,424434264,96155,312930568,139566,749290804,gapCText
BM2000x30_6-24_s312072974.txt,0.332,631,701,0.0076,6,18,0.0822,1964415,136901,420895143,89265,316228787,129755,733664086,gapCText
BM2000x30_8-12_s28882751.txt,0.3324,613,707,0.0112,8,12,0.0474,3699922,97496,289212865,123072,322115168,149300,546250856,fastBR
BM2000x30_6-22_s778736528.txt,0.3324,634,699,0.0089,6,17,0.0819,2029407,139307,421967081,106928,342115563,153630,757575652,gapCText
BM2000x30_8-12_s482174465.txt,0.3329,622,703,0.0103,8,12,0.0473,3694722,99083,291781452,115025,320099580,148954,533530746,fastBR
BM2000x30_6-26_s201498638.txt,0.333,623,722,0.0098,6,17,0.0832,2048730,142025,432067468,101244,332786101,152433,753360231,gapCText
BM2000x30_9-11_s380829644.txt,0.3332,627,708,0.0085,9,11,0.0274,4456771,88710,248851676,116110,296352293,134181,450628607,fastBR
BM2000x30_6-18_s1068388848.txt,0.3335,626,702,0.0088,6,17,0.0832,1956027,138066,424931625,92433,316632179,142564,744159826,gapCText
BM2000x30_8-12_s730685657.txt,0.3337,631,709,0.0087,8,12,0.0457,3812882,96595,287728315,121931,330819765,150667,532236023,fastBR
BM2000x30_9-11_s891946328.txt,0.3339,617,710,0.0111,9,11,0.0275,4438188,85190,246341726,114224,292200098,133873,447486653,fastBR
BM2000x30_6-20_s536922889.txt,0.334,643,695,0.007,6,17,0.0834,1941350,135356,416582659,87053,309596810,127860,734662410,gapCText
BM2000x30_9-11_s557148288.txt,0.3343,613,753,0.0144,9,11,0.0267,4441162,85632,246054756,125998,304973858,143246,456406470,fastBR
BM2000x30_6-18_s855710901.txt,0.3366,635,714,0.0084,6,17,0.0813,2074613,134131,409091998,106763,347155533,152735,741687370,gapCText
BM2000x30_6-28_s78228002.txt,0.3366,623,724,0.0125,6,17,0.0845,1989505,135416,417936890,102086,339983385,156611,757592130,gapCText
BM2000x30_6-24_s128880588.txt,0.3371,631,706,0.0084,6,17,0.0841,2056905,132449,412534140,96477,328648893,150389,730859941,gapCText
BM2000x30_6-18_s557283593.txt,0.3383,621,715,0.009,6,17,0.0858,2034084,131125,407921650,96315,324582158,139853,734908132,gapCText
BM2000x30_6-24_s891284950.txt,0.3386,644,708,0.0074,6,17,0.0839,1975551,134391,401752559,96096,318365863,139875,717919818,gapCText
BM2000x30_6-28_s54594945.txt,0.3387,642,726,0.0095,6,18,0.084,2013706,128909,397074219,90840,326050020,137085,717433311,gapCText
BM2000x30_6-22_s561754155.txt,0.3399,638,719,0.009,6,18,0.0871,1912604,134959,408960342,93102,318946834,129880,727758480,gapCText
BM2000x30_6-20_s704468669.txt,0.3404,634,719,0.0105,6,17,0.0865,1902517,123184,402663702,87659,308498588,130294,726916105,gapCText
BM2000x30_6-28_s324428926.txt,0.3428,661,719,0.0071,6,17,0.0866,1884234,128447,397360097,105162,342631284,153457,735899909,gapCText
BM2000x30_7-15_s698627013.txt,0.3515,679,743,0.007,7,15,0.0789,2762381,107700,329035779,116548,330915145,148526,608926656,fastBR
BM2000x30_7-15_s241822607.txt,0.3568,683,742,0.0081,7,15,0.0793,2614570,100372,310806999,120026,334367832,152451,600100395,fastBR
BM2000x30_7-15_s28243514.txt,0.3568,679,748,0.0093,7,15,0.0787,2611107,99300,304262748,117915,336145210,147907,602195652,fastBR
BM2000x30_8-14_s933490664.txt,0.3629,677,758,0.0108,8,14,0.0646,3242377,77851,238946077,107533,292373823,129093,466563284,fastBR
BM2000x30_8-14_s1045654919.txt,0.3642,692,758,0.0092,8,14,0.0666,3149121,77306,236183269,116467,311424328,135625,479249704,fastBR
BM2000x30_8-14_s907838408.txt,0.3644,693,758,0.009,8,14,0.0655,3133900,75043,232110826,103156,286112687,122678,458735811,fastBR
BM2000x30_9-13_s96027993.txt,0.3654,682,786,0.0112,9,13,0.0466,3709126,60384,182648367,97415,254362388,113090,362195747,fastBR
BM2000x30_10-12_s615309066.txt,0.3665,691,812,0.0138,10,12,0.0271,4037499,54350,155335636,99368,230689856,108670,307327745,fastBR
BM2000x30_9-13_s100757261.txt,0.3665,677,784,0.0115,9,13,0.0469,3674803,59968,183258930,103915,261778068,121809,372688040,fastBR
BM2000x30_10-12_s748861740.txt,0.3668,685,763,0.008,10,12,0.0273,4070194,55155,156419205,89706,219985500,99850,297146617,fastBR
BM2000x30_10-12_s446638819.txt,0.367,688,796,0.012,10,12,0.0274,4046236,53548,153985924,89023,216422604,101272,296586775,fastBR
BM2000x30_9-13_s391434381.txt,0.3678,684,774,0.012,9,13,0.048,3662769,59384,180864452,98895,254252280,105188,362686922,fastBR
BM2000x30_7-17_s770525754.txt,0.3684,702,787,0.0094,7,17,0.0862,2606067,92864,291642630,119485,342803812,153171,590027045,fastBR
BM2000x30_7-17_s87696142.txt,0.369,710,770,0.0076,7,17,0.0858,2568628,92201,282625628,99321,307250825,122063,549401207,fastBR
BM2000x30_7-17_s982579533.txt,0.3711,691,783,0.0104,7,17,0.0875,2535039,89289,280671219,114382,332218414,142385,576225432,fastBR
BM2000x30_7-23_s534317746.txt,0.3715,715,787,0.0093,7,18,0.0859,2451693,85027,271251621,102364,316370690,128484,548609553,fastBR
BM2000x30_7-25_s530660269.txt,0.372,711,786,0.0105,7,19,0.0887,2537708,90287,285440940,98438,309267321,125104,548187906,fastBR
BM2000x30_7-29_s639257246.txt,0.372,696,799,0.0115,7,19,0.0862,2494128,88301,275238536,109080,310224564,139312,545088596,fastBR
BM2000x30_7-19_s413294723.txt,0.3733,720,786,0.0092,7,19,0.0871,2453526,87185,273632942,99460,312293033,126965,541141768,fastBR
BM2000x30_7-19_s932526186.txt,0.3753,717,783,0.009,7,18,0.0879,2464198,84482,267404337,113772,328998785,136794,556542987,fastBR
BM2000x30_7-21_s165118893.txt,0.3765,725,798,0.0085,7,19,0.0904,2546126,83685,265270097,107598,319041848,129141,551845960,fastBR
BM2000x30_7-23_s179517672.txt,0.3767,704,780,0.0082,7,18,0.0883,2448743,86410,271923138,111149,338321165,133344,556690825,fastBR
BM2000x30_7-19_s962324122.txt,0.3776,722,793,0.0077,7,18,0.0892,2492432,83900,265435150,97855,293550071,116954,521675324,fastBR
BM2000x30_7-27_s673732653.txt,0.3779,704,802,0.0122,7,18,0.0878,2481665,81996,260270474,104960,311655930,129697,526704871,fastBR
BM2000x30_7-21_s461625463.txt,0.378,724,789,0.0084,7,18,0.0888,2490287,84242,264312064,95256,303362111,121889,525793310,fastBR
BM2000x30_7-29_s68917044.txt,0.378,720,797,0.0095,7,19,0.0908,2435803,84474,267302415,89795,291473053,118210,524805032,fastBR
BM2000x30_7-27_s156065327.txt,0.3792,718,796,0.0099,7,18,0.0901,2468029,80530,257771859,95297,294790845,120683,521417745,fastBR
BM2000x30_7-21_s400908932.txt,0.3806,731,798,0.0081,7,18,0.0887,2472777,79706,253604548,107851,319380698,134592,538254480,fastBR
BM2000x30_7-27_s943237590.txt,0.3819,721,801,0.0089,7,19,0.09,2495434,78380,249812210,98017,298409133,122691,514506742,fastBR
BM2000x30_7-25_s222292092.txt,0.3822,730,808,0.0106,7,19,0.0901,2453540,78984,246821783,86759,290922561,109491,497238737,fastBR
BM2000x30_7-25_s890524278.txt,0.3832,717,798,0.0099,7,18,0.0894,2448385,78643,251920830,107032,321823295,124349,526080320,fastBR
BM2000x30_7-29_s879184059.txt,0.3873,740,810,0.0104,7,18,0.0882,2410318,71647,231158051,93417,293195569,111422,482711057,fastBR
BM2000x30_7-23_s485691040.txt,0.3893,726,814,0.0101,7,19,0.0909,2392652,72158,233670871,97332,299058113,117640,493609409,fastBR
BM2000x30_8-16_s89846873.txt,0.3917,740,843,0.0119,8,16,0.0822,2759484,62196,195288822,96394,268376937,113662,415870497,fastBR
BM2000x30_8-16_s206488186.txt,0.3919,749,816,0.0087,8,16,0.0825,2810714,61978,195499092,104167,286934154,119619,425765795,fastBR
BM2000x30_8-16_s1070412700.txt,0.3942,742,823,0.0099,8,16,0.0809,2711245,60012,189020229,99507,276493473,113684,404288860,fastBR
BM2000x30_9-15_s923523105.txt,0.3977,755,844,0.0105,9,15,0.0651,3051424,44942,142274463,78578,211248103,88074,296109034,fastBR
BM2000x30_10-14_s546387879.txt,0.3989,759,841,0.0097,10,14,0.0472,3295330,38240,115261757,77142,191848877,84935,243405552,fastBR
BM2000x30_9-15_s996759769.txt,0.3994,754,841,0.0129,9,15,0.0653,2968883,46591,140421220,86395,221810840,96911,303517547,fastBR
BM2000x30_9-15_s520751485.txt,0.3997,760,836,0.0095,9,15,0.0658,3010405,44172,140169384,83541,215829668,93817,299356602,fastBR
BM2000x30_11-13_s912705503.txt,0.3998,757,844,0.0111,11,13,0.0273,3438429,31047,93668378,65969,151211447,72116,189440715,fastBR
BM2000x30_11-13_s658740900.txt,0.4,760,835,0.01,11,13,0.0273,3443576,32238,94655468,70181,154905996,71335,191612827,fastBR
BM2000x30_11-13_s96110321.txt,0.4007,765,833,0.0098,11,13,0.0275,3395265,31043,92852989,65383,155276846,73963,191533205,fastBR
BM2000x30_10-14_s568121309.txt,0.4009,762,850,0.0106,10,14,0.0474,3222167,36516,110668674,77603,187451395,83616,238612023,fastBR
BM2000x30_10-14_s324160488.txt,0.4011,748,842,0.0119,10,14,0.0463,3231290,34881,109086418,76080,181804624,81665,233248912,fastBR
BM2000x30_8-18_s814408406.txt,0.405,778,862,0.0101,8,18,0.0889,2636574,54947,176832740,101029,271100574,116390,398589815,fastBR
BM2000x30_8-28_s86424702.txt,0.4077,785,858,0.0093,8,20,0.0917,2687097,55792,176733011,90588,261022158,102875,381080280,fastBR
BM2000x30_8-18_s45414756.txt,0.4102,782,865,0.0104,8,18,0.0892,2667179,53645,169130425,97530,258484319,109679,375473100,fastBR
BM2000x30_8-18_s855385761.txt,0.4144,784,872,0.0091,8,18,0.0909,2543759,51319,162254258,87066,238462619,99103,354734895,fastBR
BM2000x30_8-24_s705458828.txt,0.4146,786,875,0.0117,8,20,0.092,2564521,48740,159062055,76026,226315872,88951,341965275,fastBR
BM2000x30_8-22_s909852891.txt,0.4147,788,862,0.0091,8,20,0.0915,2470281,49747,161960412,86323,239445082,96903,351278709,fastBR
BM2000x30_8-26_s941262986.txt,0.4149,793,860,0.0089,8,19,0.0916,2495853,50296,162467260,95281,254724333,105229,370411929,fastBR
BM2000x30_8-20_s309216818.txt,0.416,789,881,0.0107,8,19,0.0907,2501957,48073,154531867,78016,229129584,91878,330874458,fastBR
BM2000x30_8-28_s1005198833.txt,0.4167,785,880,0.0102,8,20,0.0925,2511329,48298,155434324,83798,243081407,98959,345350530,fastBR
BM2000x30_8-28_s324233126.txt,0.4172,803,877,0.0084,8,20,0.0933,2493886,47733,156921428,79747,232294610,94046,346881388,fastBR
BM2000x30_8-20_s241843353.txt,0.4173,793,873,0.0106,8,19,0.0914,2545599,48429,156340766,83989,238527594,95568,345399978,fastBR
BM2000x30_8-26_s876882785.txt,0.4178,793,870,0.0087,8,20,0.0927,2396939,47165,154378730,86694,244976450,100922,356854782,fastBR
BM2000x30_8-24_s122788711.txt,0.4196,799,881,0.0099,8,20,0.0923,2463203,48189,151022043,83373,237760770,96102,338159399,fastBR
BM2000x30_8-22_s244251954.txt,0.4212,789,905,0.0102,8,20,0.0934,2485598,46222,151632382,93121,254069746,106601,354214702,fastBR
BM2000x30_8-22_s287441409.txt,0.4229,813,870,0.0083,8,20,0.0931,2448778,46099,150798176,90639,244306485,100483,344549172,fastBR
BM2000x30_8-20_s32693114.txt,0.4232,805,892,0.0102,8,20,0.0927,2399814,44639,146252283,103785,266819783,117215,362639513,fastBR
BM2000x30_9-17_s1037065765.txt,0.4245,792,890,0.0105,9,17,0.0821,2628242,37096,120102979,81186,208978986,90033,279902620,fastBR
BM2000x30_8-24_s731228801.txt,0.4245,812,892,0.0101,8,19,0.094,2343911,44928,147646098,96929,251344576,105396,354982673,fastBR
BM2000x30_8-26_s502482161.txt,0.4264,807,903,0.0093,8,20,0.0933,2370277,43431,142831877,87717,246741597,101779,343447275,fastBR
BM2000x30_9-17_s1057192427.txt,0.4289,814,898,0.0115,9,17,0.0822,2522914,35098,113806792,81724,202908706,91418,270527937,fastBR
BM2000x30_9-17_s267328898.txt,0.4289,808,921,0.0118,9,17,0.0832,2562726,36699,114183041,72795,191951688,82299,258625345,fastBR
BM2000x30_10-16_s946885648.txt,0.4323,830,925,0.0106,10,16,0.0672,2573122,27889,87891204,65982,163427387,70279,202811018,fastBR
BM2000x30_10-16_s629706539.txt,0.4327,830,898,0.0086,10,16,0.0661,2557865,27960,85820096,64658,156416090,68892,195952883,fastBR
BM2000x30_12-14_s94172552.txt,0.4329,829,912,0.01,12,14,0.0274,2733404,18305,56037572,43523,97397270,45555,115535138,fastBR
BM2000x30_10-16_s389540631.txt,0.4331,826,921,0.0101,10,16,0.0657,2547832,26617,84902455,63414,152997915,67964,192590887,fastBR
BM2000x30_12-14_s1023803860.txt,0.4333,835,926,0.0106,12,14,0.027,2748764,17903,55215635,41487,96501427,43606,114300758,fastBR
BM2000x30_12-14_s564289651.txt,0.4334,831,915,0.0108,12,14,0.0273,2696701,17758,55299441,46543,101888044,47469,119016677,fastBR
BM2000x30_11-15_s493529697.txt,0.4337,801,923,0.0133,11,15,0.0469,2538658,21501,65929806,52557,120548571,53598,144654701,fastBR
BM2000x30_11-15_s922262499.txt,0.4344,820,942,0.0132,11,15,0.0467,2551707,21400,65538053,52011,120966605,56163,144942383,fastBR
BM2000x30_11-15_s322199852.txt,0.436,832,904,0.0097,11,15,0.0473,2490344,20694,64403926,45209,111139040,48872,135422240,fastBR
BM2000x30_9-19_s927612146.txt,0.4436,860,921,0.0088,9,19,0.0911,2375323,30735,101721833,72324,189813338,79331,245311701,fastBR
BM2000x30_9-19_s820283740.txt,0.4446,838,933,0.0112,9,19,0.092,2341394,31330,104210755,74636,189629187,80749,248040348,fastBR
BM2000x30_9-19_s1049133055.txt,0.4485,836,937,0.011,9,19,0.0917,2279375,29155,96996303,68935,181035674,74215,235792608,fastBR
BM2000x30_9-25_s89522892.txt,0.4518,845,953,0.0129,9,21,0.0924,2226083,28238,92633485,61743,162395290,67184,214591721,fastBR
BM2000x30_9-25_s184960938.txt,0.4523,865,937,0.01,9,20,0.0909,2182543,27225,90995268,65109,169746700,68852,218494672,fastBR
BM2000x30_9-23_s698979890.txt,0.4531,865,949,0.0107,9,20,0.094,2235604,27514,92539822,68006,176643395,74563,229004246,fastBR
BM2000x30_9-21_s137149764.txt,0.454,870,954,0.0114,9,21,0.0919,2192655,26926,88847633,59182,160388761,68136,210731741,fastBR
BM2000x30_9-25_s53167449.txt,0.4547,878,937,0.0081,9,21,0.0936,2208224,27409,90007344,57655,161117204,66768,211778453,fastBR
BM2000x30_9-29_s729867441.txt,0.4551,864,942,0.0083,9,21,0.0934,2154411,26978,90811770,63998,164447452,70145,216363544,fastBR
BM2000x30_9-21_s382026331.txt,0.4552,872,942,0.0096,9,21,0.0948,2180191,27821,91481095,66753,176389819,73904,225479711,fastBR
BM2000x30_9-29_s393886708.txt,0.4553,878,958,0.0099,9,21,0.0938,2204137,27124,90687999,67846,175280512,74178,223689116,fastBR
BM2000x30_9-27_s961476718.txt,0.4561,868,944,0.0094,9,21,0.0944,2242123,28007,90687456,60843,164096645,69143,213819749,fastBR
BM2000x30_9-27_s852385630.txt,0.4562,874,943,0.0078,9,21,0.0941,2200212,27379,87494807,60365,161541689,69466,211652395,fastBR
BM2000x30_9-23_s989417842.txt,0.4571,847,949,0.0099,9,20,0.0915,2163204,25614,85587657,64819,165014604,69283,212145228,fastBR
BM2000x30_9-21_s892439581.txt,0.4578,873,953,0.0093,9,21,0.0932,2175865,26045,87748312,63059,163980392,67505,209923913,fastBR
BM2000x30_9-27_s924233820.txt,0.4583,872,975,0.0106,9,21,0.0938,2094085,25822,86061997,57198,156587561,63475,205190080,fastBR
BM2000x30_9-23_s954633061.txt,0.459,875,967,0.0113,9,21,0.0938,2172672,25733,87390138,63586,164384878,69112,210962601,fastBR
BM2000x30_9-29_s141300353.txt,0.4601,884,954,0.0096,9,21,0.0942,2125816,24618,83866147,61959,160159339,64053,204883860,fastBR
BM2000x30_10-18_s956144301.txt,0.4619,894,954,0.0082,10,18,0.0827,2130531,20800,69489276,53094,131024518,54836,161571240,fastBR
BM2000x30_11-17_s774176844.txt,0.462,869,971,0.0099,11,17,0.0664,2176553,16221,53038925,41559,101306271,44266,120797781,fastBR
BM2000x30_10-18_s101072562.txt,0.4631,882,978,0.0109,10,18,0.0824,2106269,20702,66731378,52324,128515298,56346,160315594,fastBR
BM2000x30_10-18_s531858541.txt,0.4632,876,969,0.0099,10,18,0.0833,2097022,20100,66937460,50801,127210592,52931,158101424,fastBR
BM2000x30_11-17_s54129499.txt,0.4642,891,960,0.0089,11,17,0.067,2130484,16138,51156952,40040,98442292,42116,117645284,fastBR
BM2000x30_11-17_s685274802.txt,0.4654,894,977,0.0099,11,17,0.0654,2099606,15326,50757059,42236,97833903,42579,115141716,fastBR
BM2000x30_13-15_s967284220.txt,0.4662,872,986,0.0107,13,15,0.0271,1925389,10678,33189466,28120,62065995,28343,70331836,fastBR
BM2000x30_12-16_s182021138.txt,0.4667,891,982,0.0106,12,16,0.0464,1899178,11992,39181760,32939,76025309,34496,87579512,fastBR
BM2000x30_13-15_s513896373.txt,0.4668,896,974,0.011,13,15,0.0275,1903280,10579,32455349,26097,60385428,28266,68675776,fastBR
BM2000x30_13-15_s526129024.txt,0.4668,888,974,0.0106,13,15,0.0272,1904553,10570,33027865,27962,61121768,28515,69258775,fastBR
BM2000x30_12-16_s368728894.txt,0.467,868,967,0.0103,12,16,0.0467,1920204,12308,39009697,33761,73825622,32722,85353267,fastBR
BM2000x30_12-16_s469422368.txt,0.4672,886,979,0.0114,12,16,0.0473,1902739,12271,39348274,32625,75934213,33444,86586244,fastBR
BM2000x30_10-20_s32129422.txt,0.4755,915,1003,0.0098,10,20,0.0917,2000343,18050,61401877,50722,126389289,55817,153540411,fastBR
BM2000x30_10-20_s879580603.txt,0.4798,920,1009,0.0098,10,20,0.0908,1933301,16952,56975058,45178,112454971,47641,138330604,fastBR
BM2000x30_10-22_s433812982.txt,0.4807,932,1010,0.009,10,22,0.0929,1910846,17363,58337020,46275,117415633,50756,144487326,fastBR
BM2000x30_10-24_s36334379.txt,0.4815,929,1000,0.0085,10,21,0.0924,1908333,17326,57039114,45648,115076073,47136,140266557,fastBR
BM2000x30_10-20_s415836478.txt,0.4821,929,1028,0.0107,10,20,0.0918,1876987,16460,55289279,44435,111707467,46685,135518706,fastBR
BM2000x30_10-22_s534320525.txt,0.4827,927,1009,0.0091,10,21,0.0929,1871996,17578,57619927,47696,117248036,49203,142369349,fastBR
BM2000x30_10-26_s909165292.txt,0.4827,932,1007,0.009,10,22,0.0928,1909387,16751,56218102,43633,111393132,47018,136049836,fastBR
BM2000x30_10-22_s570601513.txt,0.4838,926,1012,0.0101,10,21,0.0929,1889994,16857,57164563,44393,113808912,46505,138914088,fastBR
BM2000x30_10-24_s305020527.txt,0.4851,941,1030,0.0096,10,21,0.0917,1838202,16548,54680152,41286,108872785,45065,132475645,fastBR
BM2000x30_10-28_s490080343.txt,0.4885,936,1045,0.0124,10,22,0.0945,1785034,16354,54606380,41371,108439944,44892,133584318,fastBR
BM2000x30_10-26_s141775671.txt,0.4892,941,1008,0.0086,10,22,0.0949,1815211,16125,53624412,45685,113792914,50354,138303068,fastBR
BM2000x30_10-26_s481575242.txt,0.4905,924,1023,0.0102,10,22,0.0933,1773773,14729,50733769,44711,112279319,45516,134355745,fastBR
BM2000x30_10-28_s209436182.txt,0.491,934,1032,0.0105,10,21,0.0949,1772364,15138,51659247,43873,109885775,46993,133014037,fastBR
BM2000x30_11-19_s88541788.txt,0.4916,944,1043,0.0114,11,19,0.0836,1767469,12867,42250633,32934,82993649,34187,98584801,fastBR
BM2000x30_10-24_s666011197.txt,0.4931,951,1023,0.0096,10,22,0.0939,1729630,14501,49269858,44958,107633687,45395,128356773,fastBR
BM2000x30_10-28_s191058134.txt,0.494,959,1028,0.01,10,22,0.0926,1672612,14647,47958983,39098,99207571,39988,119057362,fastBR
BM2000x30_11-19_s1007408780.txt,0.4972,957,1034,0.0093,11,19,0.0828,1628100,11978,39277912,33097,82011673,35250,95531566,fastBR
BM2000x30_12-18_s145733594.txt,0.4975,920,1054,0.0139,12,18,0.0667,1554956,9391,30464854,26984,63155858,28269,71640277,fastBR
BM2000x30_12-18_s116817957.txt,0.4987,942,1055,0.0131,12,18,0.0659,1558101,8923,28968608,24951,58946500,27686,67176366,fastBR
BM2000x30_11-19_s397302898.txt,0.4987,968,1030,0.0079,11,19,0.0827,1581538,11149,38155840,33965,81229373,34557,94073876,fastBR
BM2000x30_14-16_s675489987.txt,0.4998,964,1049,0.0107,14,16,0.0273,1384777,6002,19454927,17676,38018316,17691,41570199,fastBR
BM2000x30_14-16_s950295501.txt,0.5,936,1028,0.0099,14,16,0.0271,1392340,6055,19449154,16809,37030959,17250,40604034,fastBR
BM2000x30_13-17_s203286132.txt,0.5,963,1036,0.0102,13,17,0.0473,1521486,7229,22727012,20672,45462909,20807,50515075,fastBR
BM2000x30_13-17_s564585375.txt,0.5,935,1046,0.0122,13,17,0.0469,1499666,6934,22185975,21293,47108127,22127,52173047,fastBR
BM2000x30_12-18_s708853226.txt,0.5003,965,1061,0.01,12,18,0.0663,1529378,8395,27929111,23384,56873557,25710,65453757,fastBR
BM2000x30_14-16_s615009893.txt,0.5004,968,1034,0.0099,14,16,0.0272,1364674,5963,19249093,16823,36974123,17154,40483493,fastBR
BM2000x30_13-17_s48431487.txt,0.5016,956,1057,0.0103,13,17,0.0472,1482076,6908,22140659,19430,44522169,20097,49573543,fastBR
BM2000x30_11-21_s652800940.txt,0.5091,989,1078,0.0108,11,21,0.0895,1476489,10114,34921153,31349,75113270,31626,86836431,fastBR
BM2000x30_11-21_s714983257.txt,0.5098,954,1071,0.0118,11,21,0.0904,1515344,10464,35798476,32753,78946156,34049,91097879,fastBR
BM2000x30_11-23_s733014455.txt,0.5105,980,1071,0.0115,11,22,0.0917,1503963,10497,35270996,31358,75319078,31984,87980873,fastBR
BM2000x30_11-23_s822061706.txt,0.5107,984,1069,0.0106,11,22,0.0919,1521697,10625,35684058,33579,80115746,35302,92129503,fastBR
BM2000x30_11-27_s233372203.txt,0.511,971,1056,0.0102,11,22,0.0913,1470979,10453,34879613,30219,76140764,31396,87350243,fastBR
BM2000x30_11-21_s364319344.txt,0.5141,980,1071,0.0098,11,21,0.0915,1455648,9919,34283784,28263,71811287,31137,84106672,fastBR
BM2000x30_11-25_s428987401.txt,0.5153,996,1094,0.0111,11,22,0.0937,1445627,10128,33751312,31311,75479112,31318,86555328,fastBR
BM2000x30_11-25_s646713875.txt,0.5163,995,1068,0.0093,11,22,0.0919,1423646,9787,32503536,27641,69029605,28725,80215083,fastBR
BM2000x30_11-23_s789830223.txt,0.5168,1000,1074,0.0098,11,22,0.0918,1419428,9521,32694671,30368,71028777,30506,82365380,fastBR
BM2000x30_11-29_s62272778.txt,0.5168,999,1076,0.0097,11,22,0.0928,1417071,9827,32964155,30161,73481132,30058,83894077,fastBR
BM2000x30_11-29_s681848395.txt,0.5169,1005,1064,0.0085,11,22,0.0936,1442852,9725,33739432,31671,75303625,32864,87422529,fastBR
BM2000x30_11-27_s7739132.txt,0.5193,1007,1065,0.0084,11,22,0.0922,1382698,9078,30859493,28444,67917880,29209,77867848,fastBR
BM2000x30_11-29_s396379815.txt,0.5194,1010,1075,0.0093,11,22,0.0931,1397245,9535,31502212,31628,72457793,33194,83350613,fastBR
BM2000x30_11-27_s3535034.txt,0.5195,1004,1075,0.0089,11,22,0.0936,1385756,9208,31914527,32007,72831077,32268,83890060,fastBR
BM2000x30_11-25_s36394578.txt,0.5213,998,1092,0.0125,11,23,0.0918,1348850,8975,30359054,28738,71462739,30885,81292687,fastBR
BM2000x30_12-20_s986145007.txt,0.5263,997,1101,0.011,12,20,0.0825,1329474,6833,23466433,23993,55512435,25477,61582996,fastBR
BM2000x30_12-20_s291694452.txt,0.5277,1022,1103,0.0108,12,20,0.0823,1312837,6798,23480961,20552,49670302,21861,56006286,fastBR
BM2000x30_12-20_s784166021.txt,0.5288,1019,1103,0.0093,12,20,0.0835,1304654,6938,23071268,24829,54625641,25822,60928493,fastBR
BM2000x30_13-19_s846951194.txt,0.5309,1008,1094,0.0094,13,19,0.0666,1118158,5178,17765569,17039,38302174,17644,41692320,fastBR
BM2000x30_14-18_s461771091.txt,0.5326,1016,1112,0.0109,14,18,0.047,1001323,4193,13430878,11921,26946081,12709,29269062,fastBR
BM2000x30_14-18_s790489143.txt,0.5331,1035,1114,0.0102,14,18,0.0475,998448,4087,13449357,12330,27431037,12423,29749597,fastBR
BM2000x30_13-19_s8778200.txt,0.5332,1027,1119,0.0112,13,19,0.0667,1083904,5048,17048933,15120,35532026,15763,39323392,fastBR
BM2000x30_15-17_s559555864.txt,0.5334,1007,1096,0.0096,15,17,0.0271,1034738,3487,10682104,10106,21734629,10229,23360685,fastBR
BM2000x30_15-17_s502745531.txt,0.5337,1019,1116,0.0112,15,17,0.0275,1031239,3342,10766697,10024,21628489,10307,23178486,fastBR
BM2000x30_13-19_s140786576.txt,0.5339,1038,1100,0.0088,13,19,0.0667,1074350,5172,17369887,14561,34343784,15556,37997790,fastBR
BM2000x30_15-17_s730796038.txt,0.5345,1033,1121,0.0105,15,17,0.0271,1028809,3348,10553028,9360,20723127,9508,22235410,fastBR
BM2000x30_12-22_s315805580.txt,0.5347,1024,1109,0.0104,12,22,0.0884,1234884,6412,21852604,20498,46896039,20424,53187956,fastBR
BM2000x30_14-18_s43763137.txt,0.5348,1016,1107,0.0107,14,18,0.0467,991617,3926,12641282,10788,25143143,11017,27293293,fastBR
BM2000x30_12-22_s4504188.txt,0.5429,1053,1121,0.0091,12,22,0.0895,1152371,6098,20333657,20848,46386103,20899,51453126,fastBR
BM2000x30_12-28_s825178277.txt,0.5429,1046,1113,0.0084,12,23,0.0899,1151092,5931,20549664,18025,44880875,18484,50359137,fastBR
BM2000x30_12-22_s73826639.txt,0.545,1046,1128,0.0098,12,22,0.0889,1115240,5766,19571424,20210,46224778,20706,50886107,fastBR
BM2000x30_12-26_s538152774.txt,0.5455,1052,1118,0.0092,12,23,0.0895,1095096,5823,19416058,19390,44759018,19856,50026094,fastBR
BM2000x30_12-24_s267033636.txt,0.5459,1046,1138,0.0108,12,23,0.0901,1098346,5774,19763183,17884,43381056,18502,48561417,fastBR
BM2000x30_12-28_s498087616.txt,0.5466,1053,1123,0.0083,12,23,0.0903,1101856,5790,19451987,18612,43267926,18692,48296000,fastBR
BM2000x30_12-24_s689757848.txt,0.5467,1051,1149,0.011,12,23,0.0905,1107573,5689,19682196,19640,46619661,20879,51355133,fastBR
BM2000x30_12-26_s660094388.txt,0.5469,1057,1129,0.0086,12,23,0.0909,1108821,5892,19631277,18451,44800342,19471,49676641,fastBR
BM2000x30_12-24_s478870327.txt,0.5474,1054,1129,0.0098,12,23,0.0905,1079787,5635,19370418,15345,38854306,16338,44052142,fastBR
BM2000x30_12-28_s46046721.txt,0.5477,1048,1140,0.0109,12,23,0.0898,1085787,5776,19119260,19154,45229644,19359,49979440,fastBR
BM2000x30_12-26_s225022227.txt,0.5501,1067,1145,0.0099,12,23,0.0904,1051878,5471,18902547,20068,44263074,20416,48999580,fastBR
BM2000x30_13-21_s802998999.txt,0.5596,1076,1170,0.0103,13,21,0.082,893834,4334,14125408,13570,30494907,13644,33345414,fastBR
BM2000x30_13-21_s505252854.txt,0.5597,1086,1151,0.0087,13,21,0.0817,892294,4154,13990682,13602,31088164,13877,33933370,fastBR
BM2000x30_13-21_s133164447.txt,0.56,1081,1161,0.0098,13,21,0.0809,885196,3963,13330690,13432,30466469,13922,33222429,fastBR
BM2000x30_14-20_s312100787.txt,0.5621,1076,1161,0.0091,14,20,0.0646,854856,3078,10017988,10069,22630986,10363,24293517,fastBR
BM2000x30_14-20_s987971597.txt,0.5635,1091,1181,0.0108,14,20,0.0664,845951,2967,9878439,9488,21587899,9504,23297178,fastBR
BM2000x30_15-19_s850489287.txt,0.5643,1073,1191,0.0119,15,19,0.0461,750407,2432,7826747,7404,16292666,7483,17385754,fastBR
BM2000x30_15-19_s425288556.txt,0.5664,1104,1174,0.0104,15,19,0.0464,716129,2360,7661036,6790,15176007,6983,16232163,fastBR
BM2000x30_14-20_s104782111.txt,0.5666,1098,1173,0.0097,14,20,0.0664,828915,2991,9652396,9551,21153690,9533,22787265,fastBR
BM2000x30_16-18_s169892107.txt,0.5668,1105,1166,0.0087,16,18,0.0269,614662,2056,6516065,5619,12329698,5750,13030245,fastBR
BM2000x30_16-18_s878911257.txt,0.567,1080,1180,0.0123,16,18,0.0273,612663,2066,6526718,6081,12951326,6184,13604983,fastBR
BM2000x30_15-19_s1009355383.txt,0.5675,1091,1195,0.0121,15,19,0.0464,709070,2426,7622969,7211,15735055,7293,16667766,fastBR
BM2000x30_16-18_s267386197.txt,0.5676,1093,1205,0.0113,16,18,0.0271,612694,2167,6470718,5530,11979495,5668,12698922,fastBR
BM2000x30_13-23_s234023951.txt,0.5687,1101,1176,0.0091,13,23,0.0875,848047,3861,12634628,12626,28589308,12680,31185419,fastBR
BM2000x30_13-23_s50840366.txt,0.5699,1107,1192,0.0102,13,23,0.0858,847229,3621,12219848,11437,27485259,11943,30196866,fastBR
BM2000x30_13-29_s581271344.txt,0.5714,1113,1177,0.0083,13,23,0.0855,836467,3651,12333123,12080,28233028,12379,30633310,fastBR
BM2000x30_13-23_s216915141.txt,0.5718,1097,1189,0.0096,13,23,0.0864,836721,3701,12077754,12212,27858622,12325,30258048,fastBR
BM2000x30_13-25_s17456606.txt,0.5735,1102,1196,0.0109,13,23,0.0857,816956,3491,11292889,11476,26188862,11438,28465509,fastBR
BM2000x30_13-25_s895160950.txt,0.5739,1094,1220,0.0134,13,23,0.0853,823382,3388,11323181,11166,25863600,11189,28092871,fastBR
BM2000x30_13-25_s269327586.txt,0.5741,1121,1206,0.0101,13,23,0.088,824005,3518,11951053,12490,27718213,12363,29967567,fastBR
BM2000x30_13-27_s810402599.txt,0.5749,1096,1179,0.01,13,24,0.0891,814350,3457,12005923,10686,25816042,11314,28330588,fastBR
BM2000x30_13-29_s1020077148.txt,0.5768,1113,1190,0.009,13,23,0.0868,795631,3278,11075396,10762,25117178,11119,27250111,fastBR
BM2000x30_13-27_s344429802.txt,0.5783,1112,1194,0.0087,13,23,0.0866,782079,3251,10726363,10706,24373985,11050,26555868,fastBR
BM2000x30_13-27_s1006456926.txt,0.5786,1119,1192,0.01,13,23,0.0872,790169,3231,10925211,10992,25149911,10614,27370269,fastBR
BM2000x30_13-29_s137298232.txt,0.5786,1114,1213,0.01,13,23,0.0868,794672,3158,10674799,10424,24692903,11049,26899444,fastBR
BM2000x30_14-22_s110305285.txt,0.5872,1124,1222,0.0125,14,22,0.079,701307,2495,8180350,7971,18128856,8103,19520668,fastBR
BM2000x30_14-22_s721873904.txt,0.5898,1143,1224,0.0101,14,22,0.0814,702917,2516,8126276,8238,18603068,8377,19965272,fastBR
BM2000x30_14-22_s235659422.txt,0.5908,1144,1229,0.0101,14,22,0.0809,675329,2452,8038395,8353,18699778,8380,19914185,fastBR
BM2000x30_14-24_s231723691.txt,0.5966,1151,1242,0.0117,14,24,0.0844,642058,2266,7734487,7861,18017864,8206,19154775,fastBR
BM2000x30_15-21_s813249034.txt,0.5971,1158,1239,0.0099,15,21,0.0671,528681,1950,6166933,5913,12852599,5741,13583737,fastBR
BM2000x30_14-24_s461488661.txt,0.5977,1159,1239,0.0115,14,24,0.0815,612258,2175,7442135,6829,16011212,7046,17170861,fastBR
BM2000x30_15-21_s765511763.txt,0.5979,1140,1244,0.0112,15,21,0.0655,514930,1777,5913989,5841,12291555,5597,13050107,fastBR
BM2000x30_14-24_s780957507.txt,0.5979,1161,1233,0.0084,14,24,0.0824,608536,2223,7364545,6931,16303833,7085,17433364,fastBR
BM2000x30_14-26_s948014157.txt,0.5981,1138,1223,0.009,14,24,0.0827,614511,2221,7332101,7238,16293138,7164,17416244,fastBR
BM2000x30_15-21_s180851135.txt,0.5984,1157,1259,0.0107,15,21,0.0666,516566,1885,6030372,5839,12753861,5746,13389857,fastBR
BM2000x30_16-20_s115677267.txt,0.5999,1160,1236,0.0096,16,20,0.0469,485950,1509,4452928,4120,9073533,4360,9479191,fastBR
BM2000x30_17-19_s626121877.txt,0.6001,1145,1251,0.0143,17,19,0.0267,493298,1294,3544952,3275,7020675,3355,7312632,fastBR
BM2000x30_16-20_s84065238.txt,0.6002,1167,1259,0.0113,16,20,0.0462,483431,1400,4313897,4434,8972549,4297,9362819,fastBR
BM2000x30_14-28_s117187896.txt,0.6004,1163,1239,0.0088,14,24,0.0835,596281,2220,7246340,6989,15634049,7025,16807570,fastBR
BM2000x30_17-19_s177246659.txt,0.6008,1166,1241,0.0103,17,19,0.0274,492982,1216,3531530,3376,7073235,3396,7377669,fastBR
BM2000x30_16-20_s161457640.txt,0.601,1160,1236,0.0102,16,20,0.0474,484336,1453,4398359,3967,8613818,3934,9047147,fastBR
BM2000x30_17-19_s907667965.txt,0.6017,1138,1243,0.011,17,19,0.0269,487391,1207,3424718,3358,6773918,3265,7069481,fastBR
BM2000x30_14-26_s671627265.txt,0.6017,1160,1255,0.0121,14,24,0.0833,588449,2179,7191067,6903,15777612,6989,16884625,fastBR
BM2000x30_14-26_s907659668.txt,0.6029,1166,1251,0.0102,14,24,0.0842,584382,2133,7234408,7502,16089740,7668,17150947,fastBR
BM2000x30_14-28_s501636705.txt,0.6031,1164,1246,0.0089,14,24,0.0842,583466,2216,7211485,7711,15823202,7394,16931981,fastBR
BM2000x30_14-28_s135369820.txt,0.6056,1171,1241,0.0092,14,24,0.0839,563402,2109,6922339,6887,15404882,7057,16367285,fastBR
BM2000x30_15-23_s33972054.txt,0.6194,1205,1275,0.0091,15,23,0.0784,451923,1591,5018057,4858,10875935,4950,11441891,fastBR
BM2000x30_15-23_s847397856.txt,0.6202,1182,1276,0.012,15,23,0.0783,448005,1513,4885169,4705,10544071,5211,11134605,fastBR
BM2000x30_15-29_s577357820.txt,0.6217,1203,1287,0.0102,15,24,0.0787,444592,1550,4707992,4603,10281050,4680,10845029,fastBR
BM2000x30_15-23_s361103608.txt,0.6227,1199,1280,0.01,15,23,0.0786,446203,1399,4683176,4547,10237262,4668,10829818,fastBR
BM2000x30_15-29_s930852817.txt,0.6228,1212,1282,0.0092,15,24,0.0784,441220,1523,4657568,4727,10454335,4758,11013321,fastBR
BM2000x30_15-29_s570108981.txt,0.6235,1205,1302,0.011,15,24,0.0791,441555,1488,4730485,4491,10223319,4502,10700165,fastBR
BM2000x30_15-25_s815998110.txt,0.6253,1198,1293,0.0107,15,24,0.0791,435795,1414,4502738,4377,9887515,4514,10392290,fastBR
BM2000x30_15-27_s566843720.txt,0.6256,1199,1292,0.0101,15,24,0.0792,435944,1470,4424650,4504,9848619,4439,10370829,fastBR
BM2000x30_15-27_s804777424.txt,0.6266,1222,1284,0.0083,15,24,0.0791,433831,1403,4490317,4560,9945685,4635,10420871,fastBR
BM2000x30_15-25_s298512870.txt,0.6273,1218,1305,0.0108,15,24,0.0799,429040,1388,4314995,4509,9708754,4475,10240871,fastBR
BM2000x30_15-25_s231493333.txt,0.6277,1210,1313,0.0109,15,24,0.0797,425381,1451,4273428,4427,9773089,4472,10268748,fastBR
BM2000x30_15-27_s478305950.txt,0.6277,1221,1288,0.0098,15,24,0.0797,431719,1376,4348879,4085,9084730,4183,9679477,fastBR
BM2000x30_16-22_s395608098.txt,0.63,1213,1289,0.0085,16,22,0.0664,417512,1122,3322675,3299,7276704,3283,7576421,fastBR
BM2000x30_16-22_s900332426.txt,0.6319,1205,1306,0.0125,16,22,0.065,407488,1048,3223902,3179,6629080,3047,6945257,fastBR
BM2000x30_17-21_s248941716.txt,0.6321,1189,1309,0.0116,17,21,0.0474,345820,998,2567256,2596,5465834,2703,5640437,fastBR
BM2000x30_18-20_s939885627.txt,0.6324,1219,1308,0.0107,18,20,0.0272,283817,815,2200401,2007,4079182,1960,4211052,fastBR
BM2000x30_16-22_s204563836.txt,0.6326,1228,1299,0.0095,16,22,0.0663,404170,1073,3195431,3383,7259433,3367,7548661,fastBR
BM2000x30_17-21_s801613122.txt,0.6327,1214,1308,0.0118,17,21,0.0471,340780,986,2514846,2339,4979909,2369,5187551,fastBR
BM2000x30_18-20_s4817671.txt,0.633,1228,1311,0.0104,18,20,0.0275,278146,879,2166411,2008,4053330,1949,4185487,fastBR
BM2000x30_17-21_s559838052.txt,0.6338,1229,1304,0.0091,17,21,0.0467,332667,960,2447153,2314,4949616,2371,5146911,fastBR
BM2000x30_18-20_s145401882.txt,0.6341,1231,1315,0.0113,18,20,0.0273,273217,812,2133541,1885,3855289,1894,3998118,fastBR
BM2000x30_16-24_s720480608.txt,0.647,1255,1323,0.0095,16,24,0.0741,358623,968,2808086,3096,6418781,3092,6676201,fastBR
BM2000x30_16-26_s704353946.txt,0.6476,1262,1339,0.0108,16,25,0.0743,347030,965,2748354,2695,5972267,2848,6225407,fastBR
BM2000x30_16-28_s585052141.txt,0.6485,1266,1334,0.0096,16,25,0.0736,350845,975,2791169,2647,5888765,2624,6139560,fastBR
BM2000x30_16-28_s480863209.txt,0.6492,1254,1340,0.0107,16,24,0.0751,347144,942,2719033,2902,6182585,2802,6450801,fastBR
BM2000x30_16-28_s1047735429.txt,0.6501,1255,1339,0.0105,16,25,0.0745,342600,919,2709373,2694,5961108,2744,6215904,fastBR
BM2000x30_16-24_s169381172.txt,0.6513,1262,1347,0.01,16,24,0.0747,333938,949,2691930,2758,5914426,2747,6152905,fastBR
BM2000x30_16-26_s685985701.txt,0.6526,1261,1341,0.0107,16,24,0.0748,327929,901,2646606,2722,5826112,2690,6072425,fastBR
BM2000x30_16-24_s705713699.txt,0.6532,1237,1346,0.011,16,24,0.0758,324031,970,2651330,2834,6142212,2888,6378575,fastBR
BM2000x30_16-26_s633800563.txt,0.6554,1271,1362,0.0113,16,25,0.0747,302773,909,2553409,2426,5461693,2524,5690857,fastBR
BM2000x30_17-23_s601037194.txt,0.6607,1272,1364,0.0104,17,23,0.065,245463,770,2109495,1935,4214394,2009,4348660,fastBR
BM2000x30_17-23_s389759764.txt,0.6634,1289,1356,0.0081,17,23,0.0637,229097,726,1957875,1864,3931923,1848,4053188,fastBR
BM2000x30_17-23_s41135179.txt,0.6635,1285,1383,0.01,17,23,0.0646,232332,777,2004957,1824,3900955,1808,4042387,fastBR
BM2000x30_18-22_s92936930.txt,0.6644,1287,1403,0.014,18,22,0.0468,203208,638,1556191,1444,2881516,1382,2971175,fastBR
BM2000x30_18-22_s446778322.txt,0.6655,1290,1364,0.0091,18,22,0.0472,201907,606,1536562,1492,2972863,1453,3053444,fastBR
BM2000x30_18-22_s290922668.txt,0.6663,1272,1387,0.0124,18,22,0.0465,200681,627,1497689,1284,2730320,1343,2814546,fastBR
BM2000x30_19-21_s595719682.txt,0.6665,1288,1375,0.0107,19,21,0.0274,208170,544,1205247,1109,2238476,1088,2293606,fastBR
BM2000x30_19-21_s921647699.txt,0.6667,1274,1379,0.0112,19,21,0.027,209643,564,1168006,1135,2264122,1109,2319920,fastBR
BM2000x30_19-21_s757982917.txt,0.6668,1286,1376,0.0092,19,21,0.0274,207155,535,1184839,1094,2242822,1126,2299591,fastBR
BM2000x30_17-25_s145450774.txt,0.6692,1300,1394,0.011,17,25,0.0697,221550,716,1955647,1944,4070971,1915,4184657,fastBR
BM2000x30_17-25_s189556495.txt,0.6702,1301,1392,0.0103,17,25,0.0691,218341,681,1907487,1888,3899127,1831,4034298,fastBR
BM2000x30_17-29_s332583056.txt,0.6717,1300,1378,0.0079,17,25,0.0693,213170,695,1878548,1712,3698751,1801,3822488,fastBR
BM2000x30_17-29_s116988569.txt,0.6738,1301,1399,0.0118,17,25,0.0693,208630,697,1796639,1672,3524057,1629,3654368,fastBR
BM2000x30_17-27_s826886264.txt,0.6741,1309,1387,0.0095,17,25,0.07,209091,704,1811946,1663,3564550,1730,3676985,fastBR
BM2000x30_17-29_s739471459.txt,0.6744,1303,1401,0.0115,17,25,0.0693,206468,722,1796657,1687,3592147,1748,3700130,fastBR
BM2000x30_17-27_s5502311.txt,0.6745,1307,1394,0.01,17,25,0.0696,206397,678,1775479,1722,3640641,1762,3753831,fastBR
BM2000x30_17-27_s258101146.txt,0.6747,1299,1378,0.0087,17,25,0.0699,207333,679,1832213,1576,3474988,1591,3600933,fastBR
BM2000x30_17-29_s477988564.txt,0.676,1314,1375,0.0088,17,25,0.0692,203006,666,1757856,1661,3556984,1704,3662115,fastBR
BM2000x30_17-25_s1069510963.txt,0.677,1319,1394,0.01,17,25,0.0693,200141,692,1713135,1589,3358642,1600,3477278,fastBR
BM2000x30_17-29_s526029040.txt,0.6784,1326,1399,0.0075,17,25,0.0706,200882,700,1750291,1667,3541298,1657,3647359,fastBR
BM2000x30_17-29_s672785847.txt,0.6786,1314,1408,0.0105,17,25,0.07,198295,652,1689276,1701,3564495,1697,3668924,fastBR
BM2000x30_18-24_s371241937.txt,0.6914,1348,1417,0.0088,18,24,0.0623,186532,562,1163162,1101,2317328,1134,2388087,fastBR
BM2000x30_18-24_s205070394.txt,0.6938,1346,1428,0.0083,18,24,0.0632,185215,520,1113694,1067,2261621,1138,2322431,fastBR
BM2000x30_18-24_s639058046.txt,0.6938,1350,1441,0.0109,18,24,0.0627,181929,500,1110298,1163,2297159,1114,2363123,fastBR
BM2000x30_18-28_s857864291.txt,0.6967,1358,1434,0.0101,18,25,0.0639,182560,489,1039117,1048,2160031,1087,2215280,fastBR
BM2000x30_18-26_s811398086.txt,0.6975,1357,1436,0.0101,18,25,0.0638,181415,500,1048518,1027,2176557,1106,2231328,fastBR
BM2000x30_18-28_s874410997.txt,0.6979,1358,1427,0.0097,18,25,0.0642,180529,499,1034781,1022,2151912,1013,2211500,fastBR
BM2000x30_18-26_s422379733.txt,0.6986,1341,1435,0.011,18,25,0.0639,180714,493,1035185,1010,2119043,1099,2170595,fastBR
BM2000x30_20-22_s525067757.txt,0.6989,1354,1457,0.0126,20,22,0.0277,140837,382,669162,669,1273156,677,1300751,fastBR
BM2000x30_18-26_s694410918.txt,0.699,1350,1434,0.0093,18,25,0.0644,178267,493,1045789,1067,2133433,988,2187656,fastBR
BM2000x30_18-28_s591251274.txt,0.6992,1368,1436,0.0094,18,25,0.0642,178615,509,1021857,1051,2175540,1053,2229764,fastBR
BM2000x30_19-23_s992575519.txt,0.6994,1362,1442,0.0099,19,23,0.0466,165455,442,777025,766,1578148,826,1618891,fastBR
BM2000x30_20-22_s655234484.txt,0.6995,1358,1451,0.0097,20,22,0.0271,139032,358,658053,651,1248211,620,1271739,fastBR
BM2000x30_20-22_s12379708.txt,0.6995,1348,1432,0.0102,20,22,0.027,140452,379,659269,658,1234925,632,1262754,fastBR
BM2000x30_19-23_s589312858.txt,0.6995,1338,1457,0.0113,19,23,0.0467,165313,458,775608,809,1572790,825,1613936,fastBR
BM2000x30_18-28_s201344107.txt,0.6996,1367,1430,0.009,18,25,0.0646,178791,492,1034766,1011,2035238,1006,2098031,fastBR
BM2000x30_18-28_s905862502.txt,0.6996,1354,1445,0.0105,18,25,0.0632,178218,492,1016096,1042,2163010,1030,2215669,fastBR
BM2000x30_19-23_s446170007.txt,0.6999,1352,1439,0.0111,19,23,0.0469,162661,399,774926,781,1575853,760,1613013,fastBR
BM2000x30_18-28_s627552277.txt,0.7006,1369,1443,0.0084,18,25,0.0648,178495,479,1026745,1036,2092584,1084,2157859,fastBR
BM2000x30_19-25_s725089139.txt,0.7184,1399,1475,0.0092,19,25,0.0584,130400,398,673609,700,1411294,759,1438194,fastBR
BM2000x30_19-27_s424589090.txt,0.7185,1395,1484,0.0102,19,25,0.0587,130649,403,679813,658,1326236,698,1357220,fastBR
BM2000x30_19-25_s687111215.txt,0.7189,1403,1493,0.0091,19,25,0.0593,129308,394,675079,706,1417946,700,1443756,fastBR
BM2000x30_19-27_s806105547.txt,0.7201,1404,1466,0.0069,19,25,0.0577,123014,414,646350,702,1321347,681,1348780,fastBR
BM2000x30_19-29_s444223723.txt,0.7206,1407,1485,0.0086,19,26,0.0586,124958,385,661963,656,1328430,641,1355623,fastBR
BM2000x30_19-25_s290545551.txt,0.721,1395,1472,0.0099,19,25,0.0576,121279,412,650019,641,1270531,647,1299289,fastBR
BM2000x30_19-29_s665135867.txt,0.721,1413,1490,0.0087,19,25,0.0582,122238,400,650903,675,1306077,635,1332149,fastBR
BM2000x30_19-27_s454009082.txt,0.7211,1416,1465,0.0058,19,26,0.0588,123877,393,661674,643,1291336,631,1316474,fastBR
BM2000x30_19-29_s258913354.txt,0.7215,1403,1481,0.0098,19,26,0.0589,125231,390,661999,631,1273236,667,1301989,fastBR
BM2000x30_19-27_s1036670940.txt,0.722,1422,1478,0.0086,19,26,0.0583,119576,383,642229,665,1283820,678,1311750,fastBR
BM2000x30_19-27_s894308508.txt,0.7226,1400,1487,0.0104,19,26,0.0596,121419,337,645337,658,1283690,660,1312218,fastBR
BM2000x30_19-29_s957101946.txt,0.723,1400,1471,0.0082,19,25,0.0583,114059,379,627022,613,1200641,604,1231229,fastBR
BM2000x30_19-29_s119233891.txt,0.7234,1405,1488,0.0091,19,26,0.0587,117054,388,632571,604,1233665,650,1257144,fastBR
BM2000x30_19-29_s480165895.txt,0.7243,1409,1495,0.0094,19,25,0.0578,112596,362,623567,607,1210918,612,1234523,fastBR
BM2000x30_19-27_s961703935.txt,0.7256,1402,1486,0.0099,19,26,0.0582,109210,383,605490,622,1195966,637,1221896,fastBR
BM2000x30_20-24_s920260632.txt,0.7313,1423,1493,0.0092,20,24,0.0461,78915,330,500035,478,894929,495,911255,fastBR
BM2000x30_20-24_s772123750.txt,0.7323,1419,1523,0.0108,20,24,0.0464,77391,331,486015,445,871481,479,886196,fastBR
BM2000x30_21-23_s793452814.txt,0.7332,1419,1525,0.0099,21,23,0.0272,68132,319,389870,371,672631,371,682623,fastBR
BM2000x30_21-23_s1002890796.txt,0.7333,1414,1518,0.0112,21,23,0.0272,68519,302,391456,366,667247,365,676908,fastBR
BM2000x30_20-24_s818627992.txt,0.7341,1433,1506,0.0092,20,24,0.0456,74742,351,474127,467,846956,433,860686,fastBR
BM2000x30_21-23_s42261159.txt,0.7342,1426,1503,0.0111,21,23,0.0272,68644,286,381753,382,661204,353,670905,fastBR
BM2000x30_20-28_s350610505.txt,0.7418,1449,1506,0.0069,20,26,0.0523,70935,332,448438,436,798025,451,811937,fastBR
BM2000x30_20-26_s431624341.txt,0.7421,1450,1531,0.0109,20,26,0.0521,70657,318,446201,434,800458,418,815192,fastBR
BM2000x30_20-26_s579025044.txt,0.7423,1455,1530,0.009,20,26,0.0516,69733,313,445306,430,779571,428,793430,fastBR
BM2000x30_20-26_s913592202.txt,0.7427,1442,1527,0.0109,20,26,0.0528,70376,324,448989,456,829665,429,841802,fastBR
BM2000x30_20-26_s598490386.txt,0.7429,1443,1521,0.0096,20,26,0.0525,70300,319,437799,402,769636,385,783947,fastBR
BM2000x30_20-26_s749925683.txt,0.7434,1449,1529,0.0092,20,26,0.0526,69383,322,450514,418,788620,412,801742,fastBR
BM2000x30_20-28_s796292308.txt,0.7436,1443,1520,0.0096,20,26,0.0525,69425,324,439182,413,793131,408,804793,fastBR
BM2000x30_20-28_s67201624.txt,0.7439,1455,1529,0.0085,20,26,0.0528,70100,300,434405,424,802878,432,815335,fastBR
BM2000x30_20-28_s177485171.txt,0.7439,1437,1538,0.0111,20,26,0.0537,69944,350,445136,408,779627,394,790881,fastBR
BM2000x30_20-28_s84527363.txt,0.744,1454,1514,0.0082,20,26,0.0526,69293,315,437921,428,783264,427,797950,fastBR
BM2000x30_20-28_s557601134.txt,0.7448,1455,1524,0.0078,20,26,0.0522,68941,310,427969,446,787197,420,800037,fastBR
BM2000x30_20-26_s218110136.txt,0.746,1451,1535,0.0104,20,26,0.052,67503,295,426613,415,763122,401,778452,fastBR
BM2000x30_21-25_s588774057.txt,0.7606,1492,1556,0.0078,21,25,0.0447,66865,282,282531,287,502948,281,510611,fastCText
BM2000x30_21-25_s165293082.txt,0.7612,1486,1561,0.009,21,25,0.0441,67226,291,277597,299,504044,281,511149,fastCText
BM2000x30_21-25_s1058978975.txt,0.7619,1494,1564,0.0077,21,25,0.0447,67199,278,275391,291,499950,278,507062,fastBR
BM2000x30_21-25_s1042522688.txt,0.7623,1476,1574,0.0095,21,25,0.0444,66433,289,274175,241,476125,268,483630,gapCText
BM2000x30_21-25_s4875688.txt,0.7632,1485,1565,0.0101,21,25,0.0452,65670,262,264827,262,481689,281,488605,fastBR
BM2000x30_21-29_s717526990.txt,0.7632,1495,1558,0.0075,21,26,0.045,67007,275,264613,279,476566,286,483175,fastBR
BM2000x30_21-27_s232475286.txt,0.7637,1495,1551,0.0074,21,26,0.0465,67481,294,269375,287,497193,290,504164,gapCText
BM2000x30_21-25_s275272165.txt,0.7639,1497,1574,0.0094,21,25,0.0454,66194,293,268872,287,490962,291,497250,gapCText
BM2000x30_21-27_s909631271.txt,0.764,1495,1577,0.0099,21,26,0.0467,66191,279,266801,276,481350,274,487476,fastCText
BM2000x30_21-27_s359182251.txt,0.7645,1464,1567,0.0116,21,26,0.0463,67006,282,266869,272,482502,270,488973,fastCText
BM2000x30_21-29_s1006932845.txt,0.7645,1500,1555,0.0067,21,26,0.0469,66165,265,267013,281,482008,274,488261,fastBR
BM2000x30_21-29_s573985771.txt,0.7649,1506,1559,0.0066,21,26,0.0461,66690,288,263469,276,487392,272,494273,fastCText
BM2000x30_21-29_s317838085.txt,0.765,1496,1569,0.0088,21,26,0.0469,65895,288,264016,282,490083,275,496919,fastCText
BM2000x30_21-29_s878213217.txt,0.765,1501,1563,0.0079,21,26,0.0447,67197,276,256467,262,468402,259,475136,fastCText
BM2000x30_21-27_s822437976.txt,0.7651,1499,1570,0.009,21,26,0.0456,66935,281,262227,280,478436,271,484357,fastCText
BM2000x30_21-29_s363815761.txt,0.7659,1511,1565,0.0069,21,26,0.046,67088,295,256991,271,463878,274,470044,gapCText
BM2000x30_22-24_s410393610.txt,0.7661,1498,1561,0.0088,22,24,0.0271,65614,259,197083,214,362191,237,367177,gapCText
BM2000x30_22-24_s708217086.txt,0.7661,1493,1574,0.0113,22,24,0.0269,65358,220,198040,234,367247,224,372223,fastBR
BM2000x30_21-27_s102838349.txt,0.7664,1497,1573,0.0089,21,26,0.0463,65939,283,258772,268,470299,270,477415,gapCText
BM2000x30_22-24_s79852148.txt,0.7665,1503,1562,0.0083,22,24,0.0269,66756,223,196747,230,357119,220,362106,fastCText
BM2000x30_22-24_s703057082.txt,0.7668,1507,1568,0.0079,22,24,0.0269,65809,251,196617,228,356618,214,361434,fastCText
BM2000x30_22-24_s595956511.txt,0.7672,1500,1574,0.0087,22,24,0.0274,66354,244,194266,228,360214,221,364981,fastCText
BM2000x30_21-29_s159738859.txt,0.7673,1501,1578,0.0097,21,26,0.0457,65737,281,248103,262,477447,273,483247,gapCText
BM2000x30_21-29_s962831765.txt,0.7675,1509,1578,0.0084,21,26,0.0468,65727,271,246002,267,468727,286,474876,gapCText
BM2000x30_21-29_s845596090.txt,0.7676,1508,1593,0.008,21,26,0.0472,65984,263,254329,291,484420,274,490938,fastBR
BM2000x30_22-24_s621521030.txt,0.7678,1498,1571,0.0096,22,24,0.0271,65712,244,190202,222,350271,212,354768,fastCText
BM2000x30_21-27_s228979950.txt,0.7687,1503,1574,0.0095,21,26,0.0464,66018,283,243278,268,449872,253,456231,fastCText
BM2000x30_22-28_s102282176.txt,0.7852,1538,1598,0.0075,22,26,0.0396,53222,245,160808,203,297750,175,301373,fastCText
BM2000x30_22-26_s701771469.txt,0.7853,1541,1604,0.0075,22,26,0.0395,55210,236,161248,202,297568,199,301012,fastCText
BM2000x30_22-26_s389967932.txt,0.7857,1519,1606,0.009,22,26,0.0401,53832,207,161319,180,292602,191,296419,gapCText
BM2000x30_22-28_s753483545.txt,0.786,1522,1604,0.0085,22,26,0.0399,53983,212,159371,174,293859,196,297422,gapCText
BM2000x30_22-28_s804730310.txt,0.7862,1532,1604,0.0071,22,26,0.0401,54869,245,160386,192,290549,187,294710,fastCText
BM2000x30_22-26_s778772307.txt,0.7867,1540,1603,0.0084,22,26,0.0397,52585,232,155876,201,294819,188,298355,fastCText
BM2000x30_22-28_s396168764.txt,0.7868,1543,1608,0.0073,22,26,0.0399,53598,240,158546,199,292711,195,295096,fastCText
BM2000x30_22-26_s807070708.txt,0.7869,1542,1597,0.0069,22,26,0.0398,52172,236,155244,186,294314,196,298143,gapCText
BM2000x30_22-26_s722226573.txt,0.7873,1555,1608,0.006,22,26,0.0403,53611,232,158138,176,283644,195,287511,gapCText
BM2000x30_22-28_s283408809.txt,0.7877,1544,1601,0.0074,22,26,0.0402,52550,215,158038,195,282603,156,286040,fastCText
BM2000x30_22-28_s868320498.txt,0.7877,1523,1607,0.0087,22,26,0.0407,51000,240,156977,181,287752,199,290816,gapCText
BM2000x30_22-28_s31482139.txt,0.7877,1551,1606,0.0075,22,26,0.0408,52352,234,156430,178,284804,187,288832,gapCText
BM2000x30_22-26_s921273209.txt,0.7879,1553,1599,0.0058,22,26,0.0398,51813,228,154958,189,283900,187,287409,fastCText
BM2000x30_22-28_s124782675.txt,0.7887,1550,1612,0.0072,22,26,0.0409,52043,230,154839,167,285748,190,288565,gapCText
BM2000x30_22-28_s613866711.txt,0.7888,1542,1620,0.0087,22,26,0.0401,50578,213,153956,194,279576,181,283003,fastCText
BM2000x30_23-25_s1004017747.txt,0.7983,1565,1624,0.0085,23,25,0.0268,30299,235,113417,149,194967,140,196918,fastCText
BM2000x30_23-25_s914362164.txt,0.7984,1563,1622,0.0072,23,25,0.0262,30792,194,115100,149,189475,132,191693,fastCText
